id,community,text,label,notes
1,r/AskCulinary,How bad of an idea is it to extract shrimp head emulsion with a masticating juicer?,Help & Troubleshooting,
2,r/AskCulinary,Oil dispenser topper to fit CARAPELLI oil bottle?,Help & Troubleshooting,
3,r/AskCulinary,Meat Rabbit - Indian Food,Recipes & Meal Ideas,
4,r/AskCulinary,How do I deep clean my cutting board?,Help & Troubleshooting,
5,r/AskCulinary,Lamb shoulder too big for my pot,Help & Troubleshooting,
6,r/AskCulinary,Is the mixer bowl good enough for folding beaten egg whites?,Help & Troubleshooting,
7,r/AskCulinary,Can I use 3–4 month old opened wine for cooking?,Help & Troubleshooting,
8,r/AskCulinary,How to de-clump a sauce?,Help & Troubleshooting,
9,r/AskCulinary,Cookery Course for the beginner,Discussion & Opinions,Could also be Recipes & Meal Ideas. Labeled as Discussion because the user is asking for learning resources rather than a specific recipe.
10,r/AskCulinary,Spices to reduce gamey flavor of ground bull meat?,Help & Troubleshooting,
11,r/AskCulinary,Does baking in very warm temperature require me to reduce yeast usage?,Help & Troubleshooting,
12,r/AskCulinary,Oil smoking when hitting the pan?,Help & Troubleshooting,
13,r/AskCulinary,What stage should sourdough baguettes be frozen at?,Help & Troubleshooting,
14,r/AskCulinary,"What makes chèvre goat cheese taste ""goaty""?",Discussion & Opinions,
15,r/AskCulinary,Lanzhou Lamian noodles help,Help & Troubleshooting,
16,r/AskCulinary,Super long preheating,Help & Troubleshooting,
17,r/AskCulinary,Velveting beef after marinade?,Help & Troubleshooting,
18,r/AskCulinary,Why does my oven build up so much steam?,Help & Troubleshooting,
19,r/AskCulinary,Reducing lobster stock,Help & Troubleshooting,
20,r/AskCulinary,I started making my own almond milk and it starts separating.,Help & Troubleshooting,
21,r/AskBaking,Accidentally added double the amount of sugar to CCC recipe,Help & Troubleshooting,
22,r/AskBaking,Swiss meringue buttercream woes,Help & Troubleshooting,
23,r/AskBaking,Mexican Vanilla,Help & Troubleshooting,
24,r/AskBaking,Sprinkles Question,Help & Troubleshooting,
25,r/AskBaking,"Recs for best baking pans for home bakers, I'm tired of uneven browning!",Discussion & Opinions,Could also be Help & Troubleshooting. Labeled as Discussion because the focus is product recommendations.
26,r/AskBaking,Cookie Help,Help & Troubleshooting,
27,r/AskBaking,Almond extract in birthday cake mix?,Recipes & Meal Ideas,
28,r/AskBaking,What's wrong guys?,Help & Troubleshooting,
29,r/AskBaking,What happened to my friend's blondies?,Help & Troubleshooting,
30,r/AskBaking,First time baking. I need advice!!,Discussion & Opinions,Could also be Help & Troubleshooting. Labeled as Discussion because the request is for broad beginner advice.
31,r/AskBaking,Drip ganache problem. Is my chocolate at fault?,Help & Troubleshooting,
32,r/AskBaking,Cake bake times help,Help & Troubleshooting,
33,r/AskBaking,"Any experienced DF cheesecake bakers here? Center of cheesecake is custardy, is that a problem?",Help & Troubleshooting,
34,r/AskBaking,Almond extract alternatives,Recipes & Meal Ideas,
35,r/AskBaking,Has anyone ever used foil like this as a pie shield?,Help & Troubleshooting,
36,r/AskBaking,Knock Off Buttermilk or No Buttermilk,Help & Troubleshooting,
37,r/AskBaking,Chocolate chip cookie help,Help & Troubleshooting,
38,r/AskBaking,Meringue top on key lime pie help,Help & Troubleshooting,
39,r/AskBaking,Butter measurements,Help & Troubleshooting,
40,r/AskBaking,Coconut cake filling flavors,Discussion & Opinions,
41,r/AskBaking,Baking Disaster,Help & Troubleshooting,
42,r/AskBaking,Extreme doming on chocolate Bundt cake. Help!,Help & Troubleshooting,
43,r/AskBaking,Help me figure out this Christmas Cake recipe!,Help & Troubleshooting,
44,r/AskBaking,Help with mom's banana muffin recipe,Help & Troubleshooting,
45,r/AskBaking,Input requested: baby's first birthday cake!,Discussion & Opinions,
46,r/AskBaking,Why is there cups and scales for measurement?,Discussion & Opinions,Could also be Help & Troubleshooting. Labeled as Discussion because the user is asking about measurement methods.
47,r/AskBaking,I'm About to Embark on a Croissants Journey,Discussion & Opinions,
48,r/AskBaking,Is this salvageable,Help & Troubleshooting,
49,r/AskBaking,Help fix this recipe and save our pans!,Help & Troubleshooting,
50,r/AskBaking,Stupid Question,Help & Troubleshooting,
51,r/AskBaking,Blubber in middle of cake,Help & Troubleshooting,
52,r/AskBaking,"Failed choux au craquelin attempt, suggestions?",Help & Troubleshooting,
53,r/AskBaking,Anyone used this mixer from Bunnings in Melbourne. Is it any good?,Discussion & Opinions,"Product recommendation request rather than a cooking problem, so labeled as Discussion & Opinions."
54,r/AskBaking,Want to make a chocolate cake with dyed chocolate frosting,Recipes & Meal Ideas,
55,r/AskBaking,"Making Brookies, not sure about baking time",Help & Troubleshooting,
56,r/AskBaking,How to alter scone recipe for frozen fruit instead of dried?,Recipes & Meal Ideas,
57,r/AskBaking,Puff pastry timing questions,Help & Troubleshooting,
58,r/AskBaking,Left out a pack of chocolate chip cookie dough... can I bake them?,Help & Troubleshooting,
59,r/AskBaking,Swiss meringue buttercream fail,Help & Troubleshooting,
60,r/AskBaking,I broke it.,Help & Troubleshooting,
61,r/AskBaking,Mini pumpkin pie bake time?,Help & Troubleshooting,
62,r/AskBaking,Unrefined brown sugar,Help & Troubleshooting,
63,r/AskBaking,Chocolate chip cookie disaster,Help & Troubleshooting,
64,r/AskBaking,Can I freeze a Jello cheesecake instead of refrigerating it to get it to set up?,Help & Troubleshooting,
65,r/AskBaking,Sweet Tart Dough error,Help & Troubleshooting,
66,r/AskBaking,First red velvet cake attempt questions,Help & Troubleshooting,
67,r/AskBaking,How long can mini cheesecakes stay out?,Help & Troubleshooting,
68,r/AskBaking,Mom's cake recipe,Recipes & Meal Ideas,
69,r/AskBaking,A chocolate banana bread recipe calls for espresso powder but I only have instant coffee,Recipes & Meal Ideas,
70,r/Cooking,Which cooking shows can you actually learn from?,Discussion & Opinions,Could also be Recipes & Meal Ideas. Labeled as Discussion because it asks for opinions on cooking shows.
71,r/Cooking,Hot weather starches,Recipes & Meal Ideas,
72,r/Cooking,Sheet pan dinner rant,Discussion & Opinions,
73,r/Cooking,"Obsessed with a restaurant food I had, need recipe",Recipes & Meal Ideas,
74,r/Cooking,Tiramisu...made with ice cream,Discussion & Opinions,
75,r/Cooking,"Too hot to cook so chicken wraps for dinner, any tips on how to make them less boring?",Recipes & Meal Ideas,
76,r/Cooking,"So excited - house to myself for the weekend, eating like a gourmand toddler",Discussion & Opinions,
77,r/Cooking,I want to switch up my chili. How do you add dried peppers to chili? Any advice?,Recipes & Meal Ideas,
78,r/Cooking,"Getting sick of chicken and rice, spaghetti, and salmon — can anyone recommend some flavorful, full meals?",Recipes & Meal Ideas,
79,r/Cooking,Buying an air fryer,Discussion & Opinions,Could also be Help & Troubleshooting. Labeled as Discussion because it seeks recommendations about buying an air fryer.
80,r/Cooking,Help me plan a menu for my son's girlfriend and her parents,Recipes & Meal Ideas,
81,r/Cooking,What's an ingredient you started using recently that completely changed your cooking?,Discussion & Opinions,
82,r/Cooking,Potato Emergency,Recipes & Meal Ideas,
83,r/Cooking,I need ideas: Looking for really vibrant fresh salads that you like?,Recipes & Meal Ideas,
84,r/Cooking,Non meat proteins?,Recipes & Meal Ideas,
85,r/Cooking,Can this be saved?,Help & Troubleshooting,
86,r/Cooking,What can I use for deglazing instead of wine?,Help & Troubleshooting,
87,r/Cooking,Mustard substitute,Help & Troubleshooting,
88,r/Cooking,What small skill or trick were you most proud of as someone new to cooking?,Discussion & Opinions,
89,r/Cooking,Peanut Butter - and...?,Discussion & Opinions,
90,r/Cooking,What do I make for dinner,Recipes & Meal Ideas,
91,r/Cooking,"Back from Alaska with Halibut, what's your favorite Halibut dish?",Recipes & Meal Ideas,
92,r/Cooking,Bacon wrapped meatloaf hack so I don't get soggy or burnt bacon?,Help & Troubleshooting,
93,r/Cooking,What to cook with tinned sardines?,Recipes & Meal Ideas,
94,r/Cooking,What is your favorite glaze or sauce for meats?,Discussion & Opinions,
95,r/Cooking,Mystery Dressing on Chopped Potatoes - what was it?,Help & Troubleshooting,
96,r/Cooking,"Recommend me dishes with figurative or weird names like Toad in the Hole, Ants on a Log, etc.",Recipes & Meal Ideas,
97,r/cookingforbeginners,"Am I being catfished by recipes saying they take 30 minutes or less, or is it something I'm doing wrong?",Help & Troubleshooting,
98,r/cookingforbeginners,How do I prevent my pancakes from being undercooked in the middle?,Help & Troubleshooting,
99,r/cookingforbeginners,How can I make something close to the boneless chicken bits from Pizza Hut?,Recipes & Meal Ideas,
100,r/cookingforbeginners,"1 month, 60 easy meals, $250",Recipes & Meal Ideas,
101,r/cookingforbeginners,What's the best cooking advice you've ever received?,Discussion & Opinions,General discussion prompt asking for advice rather than a recipe or troubleshooting help.
102,r/cookingforbeginners,Knife Skills for Beginners: The Few Things That Actually Matter,Discussion & Opinions,
103,r/cookingforbeginners,Is lasagna a beginner dish that anyone can cook?,Recipes & Meal Ideas,
104,r/cookingforbeginners,I need to beat my father,Recipes & Meal Ideas,
105,r/cookingforbeginners,I have a bunch of stewing beef to use up. What can I use it for other than stew?,Recipes & Meal Ideas,
106,r/cookingforbeginners,Used a moldy grater without realising to cook stew,Help & Troubleshooting,
107,r/cookingforbeginners,"Salt, Fat, Acid, Heat",Discussion & Opinions,
108,r/cookingforbeginners,What do you add to a salad that has oil and vinegar dressing?,Recipes & Meal Ideas,
109,r/cookingforbeginners,What color bell pepper do you prefer for cooking and why? Is there even a difference in taste?,Discussion & Opinions,
110,r/cookingforbeginners,How to cook beans properly?,Help & Troubleshooting,
111,r/cookingforbeginners,"How do you actually learn what ""season to taste"" means without ruining your food half the time?",Discussion & Opinions,Could also be Help & Troubleshooting. Labeled as Discussion because it asks about learning a cooking concept.
112,r/cookingforbeginners,First time freestyled soup!,Discussion & Opinions,
113,r/cookingforbeginners,The moment I stopped treating salt as something to add at the end everything got better,Discussion & Opinions,
114,r/cookingforbeginners,Can I cook dry green lentils in a rice cooker with white rice?,Help & Troubleshooting,
115,r/cookingforbeginners,Air Fryer Recipes,Recipes & Meal Ideas,
116,r/cookingforbeginners,How can I learn to cook? Coming from someone with zero skills,Discussion & Opinions,
117,r/cookingforbeginners,What are the actual basics I need to nail before attempting anything more complex?,Discussion & Opinions,
118,r/cookingforbeginners,I am an autistic young woman who wants to learn basic cook skills. What is the first step I need to do to cook without recipes?,Discussion & Opinions,
119,r/cookingforbeginners,"How to use less paper towels when washing, drying, and prepping produce?",Help & Troubleshooting,
120,r/cookingforbeginners,"I know the basics, but my food always turns out ""meh."" How do I level up?",Discussion & Opinions,
121,r/cookingforbeginners,How is restaurant food able to retain heat for far longer compared to food I cook at home?,Discussion & Opinions,
122,r/cookingforbeginners,I will answer your cooking questions! AMA!,Discussion & Opinions,
123,r/cookingforbeginners,Things nobody tells you when you start cooking (but should),Discussion & Opinions,
124,r/cookingforbeginners,Cooking is giving me confidence in many areas of my life. Do you feel the same?,Discussion & Opinions,
125,r/cookingforbeginners,Cooking for one without wasting food is harder than I thought,Discussion & Opinions,
126,r/cookingforbeginners,Just started cooking for myself… any super easy meals you swear by?,Recipes & Meal Ideas,
127,r/cookingforbeginners,"My girlfriend wants me to cook but I just suck, where do I start?",Discussion & Opinions,
128,r/cookingforbeginners,How can I get into cooking?,Discussion & Opinions,
129,r/cookingforbeginners,How do you learn to enjoy cooking?,Discussion & Opinions,
130,r/cookingforbeginners,As someone who has never cooked before how do I get into the world of cooking and make it a hobby?,Discussion & Opinions,
131,r/cookingforbeginners,Just started cooking for myself — any easy beginner meals you swear by?,Recipes & Meal Ideas,
132,r/cookingforbeginners,I eat out way too often and I need some advice on how to cook more,Discussion & Opinions,
133,r/cookingforbeginners,What’s a simple dish that feels more special than it has any right to be?,Recipes & Meal Ideas,
134,r/cookingforbeginners,Just started living alone and I can only cook a few dishes - what should I learn next?,Discussion & Opinions,
135,r/cookingforbeginners,What’s the first meal every beginner should learn to cook properly?,Recipes & Meal Ideas,
136,r/cookingforbeginners,What’s the best way I can learn to cook?,Discussion & Opinions,
137,r/cookingforbeginners,What are the basic techniques every beginner should actually learn before trying recipes?,Discussion & Opinions,
138,r/cookingforbeginners,What Beginner recipes do you recommend?,Recipes & Meal Ideas,
139,r/cookingforbeginners,I have 0 idea how to cook. Where do I start?,Discussion & Opinions,
140,r/cookingforbeginners,What are the best tips for a new cook?,Discussion & Opinions,
141,r/cookingforbeginners,What are some easy recipes for beginners that only require a few ingredients?,Recipes & Meal Ideas,
142,r/cookingforbeginners,Beginner here — what are your really easy 15–30 minute dinners?,Recipes & Meal Ideas,
143,r/cookingforbeginners,What's a good recipe to learn as a beginner to cook for other people?,Recipes & Meal Ideas,
144,r/cookingforbeginners,"What are some quick, easy and tasty meals I can cook for dinner?",Recipes & Meal Ideas,
145,r/cookingforbeginners,Recipes that take less than an hour for prep + cooking?,Recipes & Meal Ideas,
146,r/healthyeating,Should I add makhanas in my diet,Discussion & Opinions,
147,r/healthyeating,What healthy snack helps you avoid junk food cravings?,Discussion & Opinions,
148,r/healthyeating,Suggestions for water flavor additives?,Help & Troubleshooting,
149,r/healthyeating,Why does healthy food cost more than unhealthy food?,Discussion & Opinions,
150,r/healthyeating,What are the daily life foods that can be developed to be healthier and more innovative?,Discussion & Opinions,
151,r/healthyeating,How to eat healthier?,Help & Troubleshooting,
152,r/healthyeating,Why are millets still not mainstream despite everyone calling them healthy?,Discussion & Opinions,
153,r/healthyeating,What is the Best Food for Our Health?,Discussion & Opinions,
154,r/healthyeating,What's the most surprising thing you've learned about nutrition that actually changed how you eat?,Discussion & Opinions,
155,r/healthyeating,Fiber intake that works for my brain/lifestyle,Help & Troubleshooting,
156,r/healthyeating,What food regulates your mood?,Discussion & Opinions,
157,r/healthyeating,Cutting out soda,Discussion & Opinions,
158,r/healthyeating,How to educate my mum about a balanced diet,Help & Troubleshooting,
159,r/healthyeating,Anti-inflammatory diet?,Help & Troubleshooting,
160,r/healthyeating,"Kinda new to health and cooking, was hoping to find some easy recipes that aren’t bad for me",Recipes & Meal Ideas,
161,r/healthyeating,Favorite anti-inflammatory filling recipes that feed a family,Recipes & Meal Ideas,
162,r/healthyeating,Heart Healthy Recipes / Suggestions,Recipes & Meal Ideas,
163,r/healthyeating,Breadless Breakfast,Recipes & Meal Ideas,
164,r/healthyeating,I cut off sugar and processed food but lost weight and I look dead,Help & Troubleshooting,
165,r/healthyeating,Soluble fiber at breakfast,Discussion & Opinions,
166,r/healthyeating,Nutrient dense smoothie prep,Recipes & Meal Ideas,
167,r/healthyeating,Can Food Really Be Medicine?,Discussion & Opinions,
168,r/healthyeating,IBS,Help & Troubleshooting,
169,r/recipes,How to get my elderly father to eat more dark greens?,Recipes & Meal Ideas,Could also be Help & Troubleshooting. Labeled as Recipes because the primary goal is finding recipe ideas.
170,r/recipes,Smoked Brisket Tacos,Recipes & Meal Ideas,
171,r/recipes,Help with an old family recipe,Help & Troubleshooting,
172,r/recipes,Looking for Wild Oats pasta salad recipe,Recipes & Meal Ideas,
173,r/recipes,Strawberry Cheesecake Ice Cream Sandwiches,Recipes & Meal Ideas,
174,r/recipes,Chicken bowtie caesar pasta salad,Recipes & Meal Ideas,
175,r/recipes,My favorite way to prepare steak,Recipes & Meal Ideas,
176,r/recipes,"Prison ""Spread"" Recipe",Recipes & Meal Ideas,
177,r/recipes,I made the best Margherita pizza I ever made today,Recipes & Meal Ideas,
178,r/recipes,Simple Egg Sandwich Korean styled?,Recipes & Meal Ideas,
179,r/recipes,If you crumble blue cheese on a steak I can eat an unlimited amount,Discussion & Opinions,Opinion-based statement intended to spark discussion rather than provide a recipe.
180,r/recipes,Yummy plum rum sour,Recipes & Meal Ideas,
181,r/recipes,Tiramisu,Recipes & Meal Ideas,
182,r/recipes,"""Make pancakes!"" Found inside a box of salvaged recipe cards I collect",Recipes & Meal Ideas,
183,r/recipes,Burmese-style tofu,Recipes & Meal Ideas,
184,r/recipes,Spaghetti alle vongole,Recipes & Meal Ideas,
185,r/recipes,Grandma's Recipe: Old-fashioned dandelion wine,Recipes & Meal Ideas,
186,r/recipes,Crispy smashed new potato salad with jammy eggs and pickled radish,Recipes & Meal Ideas,
187,r/recipes,1lb of ground hamburg,Recipes & Meal Ideas,
188,r/recipes,Noodles with a look to the East,Recipes & Meal Ideas,
189,r/recipes,The Bellagio's Famous Vegas Tango Cocktail,Recipes & Meal Ideas,
190,r/recipes,Cajun butter sauce,Recipes & Meal Ideas,
191,r/recipes,Homemade Spicy Beef Curry with Potatoes and Ash Gourd (Bengali Food),Recipes & Meal Ideas,
192,r/recipes,"Honey sriracha ginger shrimp, coconut milk rice with nori, and rainbow carrot salad",Recipes & Meal Ideas,
193,r/recipes,Butter chicken style Gammon,Recipes & Meal Ideas,
194,r/recipes,Hungarian Potato Pancakes (Lapcsánka / Tócsni),Recipes & Meal Ideas,
195,r/recipes,How do you make white lasagna sauce?,Help & Troubleshooting,
196,r/easyrecipes,Recipe ideas to use fresh sweet basil?,Recipes & Meal Ideas,
197,r/easyrecipes,How do you make your smoothie?,Recipes & Meal Ideas,
198,r/easyrecipes,Your quickest but healthiest cooked dish? (+ recipe?),Recipes & Meal Ideas,
199,r/easyrecipes,Eating beans will cure me?!,Recipes & Meal Ideas,Could also be Discussion & Opinions. Labeled as Recipes because the discussion centers on food choices and meal ideas.
200,r/easyrecipes,Easy pasta recipes??,Recipes & Meal Ideas,